alpha_2,alpha_3,numeric,name,official_name,common_name
AW,ABW,533,Aruba,,
AF,AFG,4,Afghanistan,Islamic Republic of Afghanistan,
AO,AGO,24,Angola,Republic of Angola,
AI,AIA,660,Anguilla,,
AX,ALA,248,Åland Islands,,
AL,ALB,8,Albania,Republic of Albania,
AD,AND,20,Andorra,Principality of Andorra,
AE,ARE,784,United Arab Emirates,,
AR,ARG,32,Argentina,Argentine Republic,
AM,ARM,51,Armenia,Republic of Armenia,
AS,ASM,16,American Samoa,,
AQ,ATA,10,Antarctica,,
TF,ATF,260,French Southern Territories,,
AG,ATG,28,Antigua and Barbuda,,
AU,AUS,36,Australia,,
AT,AUT,40,Austria,Republic of Austria,
AZ,AZE,31,Azerbaijan,Republic of Azerbaijan,
BI,BDI,108,Burundi,Republic of Burundi,
BE,BEL,56,Belgium,Kingdom of Belgium,
BJ,BEN,204,Benin,Republic of Benin,
BQ,BES,535,"Bonaire, Sint Eustatius and Saba","Bonaire, Sint Eustatius and Saba",
BF,BFA,854,Burkina Faso,,
BD,BGD,50,Bangladesh,People's Republic of Bangladesh,
BG,BGR,100,Bulgaria,Republic of Bulgaria,
BH,BHR,48,Bahrain,Kingdom of Bahrain,
BS,BHS,44,Bahamas,Commonwealth of the Bahamas,
BA,BIH,70,Bosnia and Herzegovina,Republic of Bosnia and Herzegovina,
BL,BLM,652,Saint Barthélemy,,
BY,BLR,112,Belarus,Republic of Belarus,
BZ,BLZ,84,Belize,,
BM,BMU,60,Bermuda,,
BO,BOL,68,"Bolivia, Plurinational State of",Plurinational State of Bolivia,Bolivia
BR,BRA,76,Brazil,Federative Republic of Brazil,
BB,BRB,52,Barbados,,
BN,BRN,96,Brunei Darussalam,,
BT,BTN,64,Bhutan,Kingdom of Bhutan,
BV,BVT,74,Bouvet Island,,
BW,BWA,72,Botswana,Republic of Botswana,
CF,CAF,140,Central African Republic,,
CA,CAN,124,Canada,,
CC,CCK,166,Cocos (Keeling) Islands,,
CH,CHE,756,Switzerland,Swiss Confederation,
CL,CHL,152,Chile,Republic of Chile,
CN,CHN,156,China,People's Republic of China,
CI,CIV,384,Côte d'Ivoire,Republic of Côte d'Ivoire,
CM,CMR,120,Cameroon,Republic of Cameroon,
CD,COD,180,"Congo, The Democratic Republic of the",,
CG,COG,178,Congo,Republic of the Congo,
CK,COK,184,Cook Islands,,
CO,COL,170,Colombia,Republic of Colombia,
KM,COM,174,Comoros,Union of the Comoros,
CV,CPV,132,Cabo Verde,Republic of Cabo Verde,
CR,CRI,188,Costa Rica,Republic of Costa Rica,
CU,CUB,192,Cuba,Republic of Cuba,
CW,CUW,531,Curaçao,Curaçao,
CX,CXR,162,Christmas Island,,
KY,CYM,136,Cayman Islands,,
CY,CYP,196,Cyprus,Republic of Cyprus,
CZ,CZE,203,Czechia,Czech Republic,
DE,DEU,276,Germany,Federal Republic of Germany,
DJ,DJI,262,Djibouti,Republic of Djibouti,
DM,DMA,212,Dominica,Commonwealth of Dominica,
DK,DNK,208,Denmark,Kingdom of Denmark,
DO,DOM,214,Dominican Republic,,
DZ,DZA,12,Algeria,People's Democratic Republic of Algeria,
EC,ECU,218,Ecuador,Republic of Ecuador,
EG,EGY,818,Egypt,Arab Republic of Egypt,
ER,ERI,232,Eritrea,the State of Eritrea,
EH,ESH,732,Western Sahara,,
ES,ESP,724,Spain,Kingdom of Spain,
EE,EST,233,Estonia,Republic of Estonia,
ET,ETH,231,Ethiopia,Federal Democratic Republic of Ethiopia,
FI,FIN,246,Finland,Republic of Finland,
FJ,FJI,242,Fiji,Republic of Fiji,
FK,FLK,238,Falkland Islands (Malvinas),,
FR,FRA,250,France,French Republic,
FO,FRO,234,Faroe Islands,,
FM,FSM,583,"Micronesia, Federated States of",Federated States of Micronesia,
GA,GAB,266,Gabon,Gabonese Republic,
GB,GBR,826,United Kingdom,United Kingdom of Great Britain and Northern Ireland,
GE,GEO,268,Georgia,,
GG,GGY,831,Guernsey,,
GH,GHA,288,Ghana,Republic of Ghana,
GI,GIB,292,Gibraltar,,
GN,GIN,324,Guinea,Republic of Guinea,
GP,GLP,312,Guadeloupe,,
GM,GMB,270,Gambia,Republic of the Gambia,
GW,GNB,624,Guinea-Bissau,Republic of Guinea-Bissau,
GQ,GNQ,226,Equatorial Guinea,Republic of Equatorial Guinea,
GR,GRC,300,Greece,Hellenic Republic,
GD,GRD,308,Grenada,,
GL,GRL,304,Greenland,,
GT,GTM,320,Guatemala,Republic of Guatemala,
GF,GUF,254,French Guiana,,
GU,GUM,316,Guam,,
GY,GUY,328,Guyana,Republic of Guyana,
HK,HKG,344,Hong Kong,Hong Kong Special Administrative Region of China,
HM,HMD,334,Heard Island and McDonald Islands,,
HN,HND,340,Honduras,Republic of Honduras,
HR,HRV,191,Croatia,Republic of Croatia,
HT,HTI,332,Haiti,Republic of Haiti,
HU,HUN,348,Hungary,Hungary,
ID,IDN,360,Indonesia,Republic of Indonesia,
IM,IMN,833,Isle of Man,,
IN,IND,356,India,Republic of India,
IO,IOT,86,British Indian Ocean Territory,,
IE,IRL,372,Ireland,,
IR,IRN,364,"Iran, Islamic Republic of",Islamic Republic of Iran,Iran
IQ,IRQ,368,Iraq,Republic of Iraq,
IS,ISL,352,Iceland,Republic of Iceland,
IL,ISR,376,Israel,State of Israel,
IT,ITA,380,Italy,Italian Republic,
JM,JAM,388,Jamaica,,
JE,JEY,832,Jersey,,
JO,JOR,400,Jordan,Hashemite Kingdom of Jordan,
JP,JPN,392,Japan,,
KZ,KAZ,398,Kazakhstan,Republic of Kazakhstan,
KE,KEN,404,Kenya,Republic of Kenya,
KG,KGZ,417,Kyrgyzstan,Kyrgyz Republic,
KH,KHM,116,Cambodia,Kingdom of Cambodia,
KI,KIR,296,Kiribati,Republic of Kiribati,
KN,KNA,659,Saint Kitts and Nevis,,
KR,KOR,410,"Korea, Republic of",,South Korea
KW,KWT,414,Kuwait,State of Kuwait,
LA,LAO,418,Lao People's Democratic Republic,,Laos
LB,LBN,422,Lebanon,Lebanese Republic,
LR,LBR,430,Liberia,Republic of Liberia,
LY,LBY,434,Libya,Libya,
LC,LCA,662,Saint Lucia,,
LI,LIE,438,Liechtenstein,Principality of Liechtenstein,
LK,LKA,144,Sri Lanka,Democratic Socialist Republic of Sri Lanka,
LS,LSO,426,Lesotho,Kingdom of Lesotho,
LT,LTU,440,Lithuania,Republic of Lithuania,
LU,LUX,442,Luxembourg,Grand Duchy of Luxembourg,
LV,LVA,428,Latvia,Republic of Latvia,
MO,MAC,446,Macao,Macao Special Administrative Region of China,
MF,MAF,663,Saint Martin (French part),,
MA,MAR,504,Morocco,Kingdom of Morocco,
MC,MCO,492,Monaco,Principality of Monaco,
MD,MDA,498,"Moldova, Republic of",Republic of Moldova,Moldova
MG,MDG,450,Madagascar,Republic of Madagascar,
MV,MDV,462,Maldives,Republic of Maldives,
MX,MEX,484,Mexico,United Mexican States,
MH,MHL,584,Marshall Islands,Republic of the Marshall Islands,
MK,MKD,807,North Macedonia,Republic of North Macedonia,
ML,MLI,466,Mali,Republic of Mali,
MT,MLT,470,Malta,Republic of Malta,
MM,MMR,104,Myanmar,Republic of Myanmar,
ME,MNE,499,Montenegro,Montenegro,
MN,MNG,496,Mongolia,,
MP,MNP,580,Northern Mariana Islands,Commonwealth of the Northern Mariana Islands,
MZ,MOZ,508,Mozambique,Republic of Mozambique,
MR,MRT,478,Mauritania,Islamic Republic of Mauritania,
MS,MSR,500,Montserrat,,
MQ,MTQ,474,Martinique,,
MU,MUS,480,Mauritius,Republic of Mauritius,
MW,MWI,454,Malawi,Republic of Malawi,
MY,MYS,458,Malaysia,,
YT,MYT,175,Mayotte,,
,NAM,516,Namibia,Republic of Namibia,
NC,NCL,540,New Caledonia,,
NE,NER,562,Niger,Republic of the Niger,
NF,NFK,574,Norfolk Island,,
NG,NGA,566,Nigeria,Federal Republic of Nigeria,
NI,NIC,558,Nicaragua,Republic of Nicaragua,
NU,NIU,570,Niue,Niue,
NL,NLD,528,Netherlands,Kingdom of the Netherlands,
NO,NOR,578,Norway,Kingdom of Norway,
NP,NPL,524,Nepal,Federal Democratic Republic of Nepal,
NR,NRU,520,Nauru,Republic of Nauru,
NZ,NZL,554,New Zealand,,
OM,OMN,512,Oman,Sultanate of Oman,
PK,PAK,586,Pakistan,Islamic Republic of Pakistan,
PA,PAN,591,Panama,Republic of Panama,
PN,PCN,612,Pitcairn,,
PE,PER,604,Peru,Republic of Peru,
PH,PHL,608,Philippines,Republic of the Philippines,
PW,PLW,585,Palau,Republic of Palau,
PG,PNG,598,Papua New Guinea,Independent State of Papua New Guinea,
PL,POL,616,Poland,Republic of Poland,
PR,PRI,630,Puerto Rico,,
KP,PRK,408,"Korea, Democratic People's Republic of",Democratic People's Republic of Korea,North Korea
PT,PRT,620,Portugal,Portuguese Republic,
PY,PRY,600,Paraguay,Republic of Paraguay,
PS,PSE,275,"Palestine, State of",the State of Palestine,
PF,PYF,258,French Polynesia,,
QA,QAT,634,Qatar,State of Qatar,
RE,REU,638,Réunion,,
RO,ROU,642,Romania,,
RU,RUS,643,Russian Federation,,
RW,RWA,646,Rwanda,Rwandese Republic,
SA,SAU,682,Saudi Arabia,Kingdom of Saudi Arabia,
SD,SDN,729,Sudan,Republic of the Sudan,
SN,SEN,686,Senegal,Republic of Senegal,
SG,SGP,702,Singapore,Republic of Singapore,
GS,SGS,239,South Georgia and the South Sandwich Islands,,
SH,SHN,654,"Saint Helena, Ascension and Tristan da Cunha",,
SJ,SJM,744,Svalbard and Jan Mayen,,
SB,SLB,90,Solomon Islands,,
SL,SLE,694,Sierra Leone,Republic of Sierra Leone,
SV,SLV,222,El Salvador,Republic of El Salvador,
SM,SMR,674,San Marino,Republic of San Marino,
SO,SOM,706,Somalia,Federal Republic of Somalia,
PM,SPM,666,Saint Pierre and Miquelon,,
RS,SRB,688,Serbia,Republic of Serbia,
SS,SSD,728,South Sudan,Republic of South Sudan,
ST,STP,678,Sao Tome and Principe,Democratic Republic of Sao Tome and Principe,
SR,SUR,740,Suriname,Republic of Suriname,
SK,SVK,703,Slovakia,Slovak Republic,
SI,SVN,705,Slovenia,Republic of Slovenia,
SE,SWE,752,Sweden,Kingdom of Sweden,
SZ,SWZ,748,Eswatini,Kingdom of Eswatini,
SX,SXM,534,Sint Maarten (Dutch part),Sint Maarten (Dutch part),
SC,SYC,690,Seychelles,Republic of Seychelles,
SY,SYR,760,Syrian Arab Republic,,Syria
TC,TCA,796,Turks and Caicos Islands,,
TD,TCD,148,Chad,Republic of Chad,
TG,TGO,768,Togo,Togolese Republic,
TH,THA,764,Thailand,Kingdom of Thailand,
TJ,TJK,762,Tajikistan,Republic of Tajikistan,
TK,TKL,772,Tokelau,,
TM,TKM,795,Turkmenistan,,
TL,TLS,626,Timor-Leste,Democratic Republic of Timor-Leste,
TO,TON,776,Tonga,Kingdom of Tonga,
TT,TTO,780,Trinidad and Tobago,Republic of Trinidad and Tobago,
TN,TUN,788,Tunisia,Republic of Tunisia,
TR,TUR,792,Türkiye,Republic of Türkiye,
TV,TUV,798,Tuvalu,,
TW,TWN,158,"Taiwan, Province of China","Taiwan, Province of China",Taiwan
TZ,TZA,834,"Tanzania, United Republic of",United Republic of Tanzania,Tanzania
UG,UGA,800,Uganda,Republic of Uganda,
UA,UKR,804,Ukraine,,
UM,UMI,581,United States Minor Outlying Islands,,
UY,URY,858,Uruguay,Eastern Republic of Uruguay,
US,USA,840,United States,United States of America,
UZ,UZB,860,Uzbekistan,Republic of Uzbekistan,
VA,VAT,336,Holy See (Vatican City State),,
VC,VCT,670,Saint Vincent and the Grenadines,,
VE,VEN,862,"Venezuela, Bolivarian Republic of",Bolivarian Republic of Venezuela,Venezuela
VG,VGB,92,"Virgin Islands, British",British Virgin Islands,
VI,VIR,850,"Virgin Islands, U.S.",Virgin Islands of the United States,
VN,VNM,704,Viet Nam,Socialist Republic of Viet Nam,Vietnam
VU,VUT,548,Vanuatu,Republic of Vanuatu,
WF,WLF,876,Wallis and Futuna,,
WS,WSM,882,Samoa,Independent State of Samoa,
YE,YEM,887,Yemen,Republic of Yemen,
ZA,ZAF,710,South Africa,Republic of South Africa,
ZM,ZMB,894,Zambia,Republic of Zambia,
ZW,ZWE,716,Zimbabwe,Republic of Zimbabwe,
